sharpe ratio,total return ratio,annual sharpe ratio,annual return ratio
-0.46352043907111595,-0.2355673705509186,[0.2854050480882858],[1.0368674201189163]
