sharpe ratio,total return ratio,annual sharpe ratio,annual return ratio
-0.8551569459827193,-0.3630783100035274,[-0.008279087909063128],[0.9183173535976545]
